SKU,Nombre
2271,CAPACITOR DE TRABAJO CUAD. 6MDF CON CABLES
037103575883,HIDROLAVADORA A PRESION 1400W 1160 PSI 120V GB
7501206689868,ACEITE MULTIUSOS 30 ML
7501206689875,ACEITE MULTIUSOS 90 ML
7503003799627,ACIDO COIL CLENNER GAL. MOR
7501206657478,ADAPTADOR NARANJA DE 2 A 3 SIN TIERRA
7501199420035,AFLOJATODO LOCTITE 300G
7506240601913,ALAMBRE GALVANIZADO CAL. 18
716352497275,ANTOCHA TURBO TORCH TX504
037103574886,ASPERSORA MANUAL 1.5L GB
037103575500,ASPERSORA MANUAL DE 5L GB
FC108,ATOMIZADOR DE GATILLO 1LT
7506240651994,ATOMIZADOR TRUPER 1L
7503026177396,BALERO 608 WMP
SV1465-B62002RS,BALERO 6200 2RS NTN
739210356897,BALERO 6201 PARA MOTOR DE LAV WH PFI
SV1465-B6082RS,BALERO NTN 608
739210356569,BALERO PFI 6006 SIRVE P/LAV
739210356729,BALERO PFI 608
6203'2RS 1-2[ C3,BALERO PFI 6203 1/2
7316570468236,BALERO SKF 608
7506610205628,BASCULA DIGITAL COLGANTE 50KG PRETUL
7506240665403,BASCULA ELECTRONICA PRETUL 40KG
7503026192573,BOMBA DISPENSADORA DE AGUA COLDTEK PARA REFRIGERADOR
7506240667964,BOMBA PRESURIZADORA 1/6HP 1A TRUPER
037103570949,BOQUILLA DE AUTOENCENDIDO CON PERILLA DE BRONCE TURNER
037103576026,BOQUILLA DE DOBLE TUBO CON AUTOENCENDIDO DE ALTO RENDIMIENTO GB
716352459761,BOQUILLA DE DOBLE TUBO DE ALTO RENDIMIENTO TURNER
037103572325,BOQUILLA DE TRIPLE TUBO DE ALTO RENDIMIENTO TURNER
070042401004,BOQUILLA LATON P/GAS
7503050733360,BOQUILLA P/SOLDAR DOBLE COLDTEK
7503050733346,BOQUILLA P/SOLDAR SENCILLA COLDTEK
7503050733353,BOQUILLA P/SOLDAR SENCILLA CON AUTOENCENDIDO COLDTEK
7501206613894,BROCA C/SIST INSER 7/16X6
7501206614037,BROCA CON SISTEMA DIRECTO DE INSRSION SDS 1/4X6
7501206634479,BROCA CONCRETO TRUPER
7501206634486,BROCA PARA CONCRETO 1/4X6
7506240682066,BROCA SDS 3/8X24 TRUPER
7501206613924,BROCA SDS 3X12 TRUPER
7501206675267,BROCA-SIERRA BIMETALICA 2
7503005496265,BROCHA 2 1/2
7502309730310,CABLES PARA MULTIMETRO TRUPER
7506240646730,CAJA APILABLE MEDIANA TRUPER
7501206656181,CAJA DE HERRAMIENTA AMPLIA 22
7501206622834,CAJA DE HERRAMIENTA REFORZADA 17
7501206661871,CAJA P/HERRAMIENTA 16 TRUPER
7506240654759,CAMARA LLANTA 10
7501206672693,CANDADO DE COMBINACION 40MM HERMEX
7501206696545,CAPUCHON P/CABLE 10-12 A
7501206696552,CAPUCHONES P/CABLE 12-14 N
7501206696569,CAPUCHONES P/CABLE SURTIDO
7501206662373,CENTRO DE CARGA 2P VOLTECK
7506240642848,CEPILLO ALAMBRE PRETUL
7501206608685,CEPILLO DE ALAMBRE CURVO TRUPER
7500012011955,CEPILLO DE ALAMBRE T. COPA 3
7506240683513,CEPILLO FLEXIBLE PLASTICO
7506240636427,CEPILLO TIPO ESCOBETA
7506240636403,CEPILLO TIPO PLANCHA
7501206684696,CINCEL SDS PLANO GRUESP TRUPER
876416155289,CINCHO DE PLASTICO 19CM
7501206683477,CINCHO DE PLASTICO 20 CM
7501206683491,CINCHO DE PLASTICO 30CM
876416155296,CINCHO DE PLASTICO 35CM
7501206683996,CINCHO DE PLASTICO 50 CM
076308925680,CINTA AISLANTE 3M
833650307,CINTA AISLANTE E-8000
7501206626610,CINTA AISLANTE ELECTRICA 9M
78204320088,CINTA DE ALUMINIO 3
655616000045,CINTA DE ALUMINIO FASSON
078204320088,CINTA DE ALUMINIO IDELTAPE 488 3
7503026204740,CINTA ESPUMA COLDTEK 9.14M
7501206695364,CINTA TEFLON SELLA ROSCAS 1/2
7506240602569,CINTA TEFLON TRUPPER 7 M
7501206641729,CINTA TRANSPARENTE 150M/.050MM
54007150251,CINTA VULCANIZABLE 3M SUPER 23
7501206658680,CLAVIJA REF. CON TIERRA 110V
7501206658659,CLAVIJA REF. SIN TIERRA 110V
7501206658512,CLAVIJA TIPO CHINO 220V
7501206655405,CONECTOR Y DE ALUMINIO TRUPER 3/4
7501206655412,CONECTOR Y PLASTICO PRETUL
2130,CONECTOR RAPIDO 5/16 - 5/16
7501206652602,CONECTOR RAPIDO GRIFO-MANGUERA
7501206658673,CONTACTO REF. SIN TIERRA
7503033971581,COPLE RAPIDO ANGULADO AZUL DE BAJA PRESION
7501206641194,CUTTER 6 PRETUL
7506240673002,DADO MAGNETICO HEXAGONAL TRUPER 3/8
7.5062406806E+12,DESARMADOR CRUZ 1/4 X 12 PRETUL
7506240661825,DESARMADOR DE CAJA 1/4
7506240661832,DESARMADOR DE CAJA 5/16
7501206664261,DESARMADOR ESTRELLA PUNTA PHILIPS 3/16X6 PRETUL
7501206664131,DESARMADOR PALETA 1/4X4 PRETUL
7501206664117,DESARMADOR PALETA PUNTA PHILIPS 3/16X6 PRETUL
7501206664148,DESARMADOR PHILL. 1/4X4 PRETUL
7501206617922,DESARMADOR PUNTA PHILIPS #2 TRUPPER
7501206664070,DESARMADOR PUNTA PHILLIPS #2
7501206641781,DESARMADOR SCREWDRIVE TRUPER 6 EN 1
810022392386,DESATORNILLADOR DE IMPACTO HART 20V
7503003799221,DESENGRASANTE BLANCO FOAM CLEANER 1 GAL.
7503003799214,DESENGRASANTE BLANCO FOAM CLEANER 1 LT
037103575821,DESTORNILLADOR 6 EN 1 GB
037103576019,DESTORNILLADOR DE MATRACA CON BISADRA 10 PUNTAS GB
7502224730785,DISCO DE CORTE 4.5 PARA METAL MARAGA
7506240623885,DISCO PARA CORTAR METAL 14 PRETUL
024721151308,DISCO PARA MADERA 7 1/4
BS45,DISCO SEGMENTADO 4.5 BRONCE
885911576963,DOBLADOR DE LAMINA LENOX
7501206655900,EMPAQUE DEHULE P/MANG. 10 PZAS.
792363696456,ESMERILADOR DRILMASTER
7501206634349,ESPATULA 3 PRETUL MANGO PLASTICO
7506240620280,ESPUMA EXPANSIVA 500ML TRUPPER
037103572813,ESPUMA POLIURETANO 500 ML T&E
7502222827869,ESTOPA ALGODON COLOR CREMA 1 KG
7501206663714,EXTENCION USO RUDO 4 M CAL 16
7506240673095,EXTENSION MAGNETICA 1/4 PARA DESATORNILLADOR
7506240676287,EXTENSION MAGNETICA 1/4 TRUPER
7506240676294,EXTENSION MAGNETICA ARTICULADA 1/4 TRUPER
7501206647820,EXTENSION MATRACA 3/8X8
7506240699569,EXTESION FLEXIBLE PARA TALADRO 30 TRUPER
7506240653196,FILTRO PARA HIDROLAV. TRUPER
7501206673317,FLEXOMETRO TRUPER 3 M
7501206673324,FLEXOMETRO TRUPER 5M
7501206673331,FLEXOMETRO TRUPER 8M
684032000759,FRASCO FUNDENTE P/PLATA .5LB
684032000889,FRASCO FUNDENTE PLATA 6.5OZ
7502309735599,FUMIGADOR TRUPER 2.5 LTS
7501206663165,FUMIGADOR TRUPER 2L
7506240652939,FUMIGADOR TRUPER 3 LT
7506240652946,FUMIGADOR TRUPER 5 LT
037103576163,FUNDENTE BLANCO 100G P/ SOLDADURA GB
2184,"FUSIBLE 1A, 220V"
7506240639718,GAS PROPANO 400GR AZUL
14045885355,GAS TANQUE AMARILLO TURNER
7506240674603,GRAPAS PARA CABLE COAXIAL 6MM 500 PZ
7506240621737,GRASA CHASIS LITIO TRUPER
7501390512959,GRASA CHASIS ROSHFRANS 250GR.
7501390512355,GRASA GRAFITADA ROSHFRANS 250GR
7501390502745,GRASA PARA BALEROS Y RODAMIENTOS BAT3 850G
7501390533015,GRASA PREMIUM MULTIPROPOSITO DUXCA-4 ROSHFRANS
7501390512720,GRASA ROSHFRAN B.A.T. 3 250GR
7501390512249,GRASA ROSHFRANS BALIT COMPLEX PLUS 400G
7506240657637,GUANTES DE NYLON RECUBIERTOS PRETUL TG
7506240657620,GUANTES DE NYLON RECUBIERTOS PRETUL TM
731919331021,GUANTES DE SEGURIDAD MARCA FIRMGRIP DIF. COLORES
7506240616528,HERRAMIENTA MULTIUSOS PRETUL
037103575890,HIDROLAVADORA A PRESION 1800W 1450 PSI 120V GB
SLIT35032,HIDROLAVADORA A PRESION PORTATIL
7506240670896,HIDROLAVADORA ELECTRICA PRETUL 1300PSI
7501206653975,JUEGO 5 PIEDRAS MONTADAS ALTO RENDIMIENTO
7506240658344,JUEGO ADAPTADORES LARGO DADOS TRUPER
7501206625934,JUEGO DE 10 LIMAS PARA RELOJ
7506240658085,JUEGO DE ADAPTADORES P/DADO 3PZ
000346460209,JUEGO DE BROCAS ATORNILLADORAS BOSH 47PZ
7506240656944,JUEGO DE DADOS PARA TALADRO PRETUL
7501206671986,JUEGO DE DESARMADORES DE JOYERO TRUPER
7501206648629,JUEGO DE LLAVE ALLEN 9PZ MM AZUL
7501206643495,JUEGO DE LLAVES ALLEN 8 PZS
7506240647034,JUEGO DE LLAVES TORX PRETUL
7506240690917,JUEGO DE PUNTAS 2 CON SEGURO TORX TRUPER
7506240690948,JUEGO DE PUNTAS 2 TORX TRUPER
7501206648636,JUEGO LLAVE ALLEN 9 PZ. STD
2135,KIT FILTROS OSMOSIS PURIKOR 6 ETAPAS 1 AÑO
75650000311,LATA PULIURETANO .340K
17501206685386,LIJA AGUA 120 HOJA
7501206685419,LIJA AGUA 220
17501206685249,LIJA LONA 80
7501206603253,LIJA P/PLOMERO 120 METRO
722429640192,LIQUIDO AMONIACO AWESOME1.9LT
722429128027,LIQUIDO DESENGRASANTE AWESOME GAL.
72722429200167,LIQUIDO DESENGRASANTE AWESOME LT.
7503050733308,LIQUIDO LIMPIADOR ALCALINO PARA PANELES SOLAES ERRECOM
7503050733292,LIQUIDO LIMPIADOR MOKA DE CAFETERAS 0.94L ERRECOM
7503036024345,LIQUIDO PROTECTOR DISIPADOR EN GEL
7506240654773,LLANTA 10
7506240654780,LLANTA IMPONCHABLE DIABLO 10 EJE CENTRAL
7506240654803,LLANTA IMPONCHABLE DIABLO 10 EJE LATERAL
7501206629352,LLAVE CRECIENTE 10 PRETUL
7501206629345,LLAVE CRECIENTE AJUSTABLE 8 PRETUL
7501206695760,LLAVE P/ MANGUERA LATON 1/2 PRETUL
7501206643235,LLAVE P/TUBO STILSON 8 PRETUL
7506240653271,LUBRICANTE AFLOJATODO TRUPER 110ML
7506240653301,LUBRICANTE AFLOJATODO TRUPER 400ML
7506240691747,LUBRICANTE SECO PTFE EN AEROSOL TRUPER 240ML
7506240677987,MALETA 14 PORTAHERRAMIENTA TRUPER
7501206654736,MALETA 18 PORTAHERRAMIENTA TRUPER
7503026190333,MANOMETRO AZUL BAJA R404/507/134/22A
7503026190326,MANOMETRO ROJO/ALTA R404/507/134/22A
7501206644560,MATRACA CABEZA REDONDA PRETUL 3/8
XAMR16241,MULTIMETRO DIGITAL PROFESIONAL NT DT9205A AC-DC
7501206683569,NAVAJA 1 SOLO FILO TRUPER 4 PZ
7503036024390,PASTA ANTI CALOR PARA SOLDADURAS 500GRS
7506240657002,PEGAMENTO AZUL PVC 12 250ML
7502230020405,PEGAMENTO EPOXICO AZUL 100G
7502230020436,PEGAMENTO EPOXICO BLANCO 100G
7502230020009,PEGAMENTO EPOXICO CLEAR JERINGA 5 MIN
7502230020337,PEGAMENTO EPOXICO GRIS 100G
7502230020443,PEGAMENTO EPOXICO NEGRO 100G UNO CLEAR
7501310011005,PEGAMENTO EPOXICO TRANSP. TOP SECADO RAPIDO
7502230020429,PEGAMENTO EPOXICO TRANSPARENTE 40G UNO CLEAR
7501310011067,PEGAMENTO EPOXICO X-TREME TOP
7501102614056,PEGAMENTO KOLA LOCA GOTERITO 3.5G
7501102623102,PEGAMENTO KOLA LOCA INDUSTRIAL 20G
7501102625205,PEGAMENTO KOLA LOKA INDUSTRIAL 10G
7506240613671,PEGAMENTO P/PVC 250ML
7501316150807,"PEPE SILICON TRANS. 280ML, P/PISTOLA"
7501206686997,PIJA P/ LAMINA 10X1 1/2 FIERO
7501206686898,PIJA PARA LAMINA 3/4 #10 150PZA
7501206686843,PIJA PARA TAQUETE 1/4 #8 200PZ
7501206657669,PILA ALCALINA 9V VOLTECK
7506240646419,PILA ALCALINA AA
7506240646426,PILA ALCALINA AAA
7501206657652,PILA ALCALINA D 1.5V VOLTECK PAR
7501781200021,PINTURA AEROSOL BLANCO BRILLANTE GENERAL PAINT
7501781200243,PINTURA AEROSOL GRIS GENERAL PAINT
7503005496869,PINTURA AEROSOL GRIS PLATA BYP
7501781200038,PINTURA AEROSOL NEGRO BRILLANTE GENERAL PAINT
7501781200168,PINTURA AEROSOL PLATA GENERAL PAINT
7501781200236,PINTURA AREOSOL TRANSPARENTE
7501781214592,PINTURA EN AEROSOL BLANCO OSTION GENERAL PAINT
7506240646914,PINZA CHOFER 8 PREFUL
7501206678138,PINZA DE CORTE DIAGONAL 7
7501206602836,PINZA DE PRESION PUNTA LARGA 9
7501206638484,PINZA DE PUNTA 8 PRETUL
7501206657591,PINZA ELECTRICA PROF. 8 TRUPER
7501206643167,PINZA MECANICA 8 PRETUL
7501206648582,PINZA PARA ANILLOS DE RETENCION
7501206640241,PINZA PRESION 10 MORDAZA TRUPER
7501206643563,PINZA PRESION 5 TRUPER
7501206635131,PISTOLA CALAFATEADORA CREMALLERA PRETUL
7503053083080,PROTECTOR CORTA VOLTAJE 3MIN. 110V COLDTEK
7503053083295,PROTECTOR CORTA VOLTAJE 3MIN. 220V COLDTEK
7503050733377,PROTECTOR DE VOLTAJE COLDTEK
037103576095,REFLECTOR CALOR GB
7503032237428,REGULADOR DE VOLTAJE 1000W
7503032237435,REGULADOR DE VOLTAJE 1500W
7501206699799,REMACHES 1/4 50PZS
7501206608432,SELLADOR ALTA TEMP NEGRO 85G
7501206608425,SELLADOR ROJO ALTA TEMP ROJO 85G
7501377301200,SILICON ALTA TEMP. TF QUIMICA
7501748602110,SILICON BLIZTER NEGRO
7503022983236,SILICON PENSYLVANIA MULTIUSOS 75G
7503022983250,SILICON PENSYLVANIA NEGRO ALTA TEMP. 75G
7503022983243,SILICON PENSYLVANIA ROJO ALTA TEMP. 75G
1499,SOLDADURA DE ESTAÑO 1 M ELECTRONICA
7506240650607,SOLDADURA ESTAÑO TRUPER BAJA PRESION
7506240690054,TALADRO INALAMBRICO PRETUL 20V
7506240676188,TAQUETE PLASTICO 1/2 PANEL YESO 100 PZ
7501206674246,TAQUETE PLASTICO 1/4 ROJO
7501206674260,TAQUETE PLASTICO 3/8 AZUL
783643334885,TERMICO 3P 60 AMPS
7506240618539,TERMINAL PLOMO POSTER LATERAL P/BATERIA 2PZS
037103576040,TERMOMETRO DIGITAL HIGROMETRO-ALARMA GB
037103573025,TERMOMETRO INFRAROJO LASER GB
7506240600794,TERMOPAR CON PILOTO 24
2437,TORNILLO PUNTA DE BROCA 1-1/2 SUELTO
7506240603870,TORNILLO PUNTA DE BROCA 1 ESTRELLA 100PZ
7506240603887,TORNILLO PUNTA DE BROCA 1/4 100PZ
7501206686379,TORNILLO PUNTA DE BROCA 3/4 HEXAGONAL 100PZ
7501206686386,TORNILLO PUNTA DE BROCA HEXAGONAL 1 100PZ
037103575623,VACUOMETRO DIGITAL CON CONEXION BLUETOOTH GB
037103575654,VALVULA DE ESFERA P/MANGUERAS DE MANOMETRO 1/4MX1/4H
2302,VALVULA ESFERA ROSCABLE AZUL DE 1/2
037103575661,VALVULA REMOVEDORA C/ PUERTO DE SERVICIO 1/4 5/16 GB
79567520115,WD-40 382 ML
731299182183,ACEITE REFRIGERANTE ALQUILBENCENO 150 1L
8033158031888,AEROSOL LIQUIDO LIMPIADOR LINEAS A/C 750ML
1860,BISAGRA PARA CUARTO FRIO CON MECANISMO AJUSTABLE A PAÑO 250MMX138MM MOD YL-1460
2799,BOMBA DE CONDENSADO 220V ASURITY 22´
2798,BOMBA DE CONDENSADO EXTERIOR 120V 22´ ASURITY
303,BOMBA P/COOLER MODELO B-70
7503032237701,BOMBA PARA EVAPORADOR MINISPLIT DESAGUE CT
258,CABLE SEÑAL 3X14AWG 4 MTS.
7503056079639,CANALETA DE 3 PARA TUBERIA PARA AIRE ACONDICIONADO COLDTEK
7503056079646,CANALETA DE 4 PARA TUBERIA PARA AIRE ACONDICIONADO COLDTEK
DAR400,CAPACITOR DE ARR. 108-130 MDF 110V
951,CAPACITOR DE ARR. 189-227MDF. 110V
1495,CAPACITOR DE ARRANQUE 145-175 UF A 110 VAC
7503026177723,CAPACITOR DE ARRANQUE 227UF
950,CAPACITOR DE ARRANQUE 243-292UF 125V
687152222285,CAPACITOR DE TRABAJO 45+3MDF. D
687152222377,CAPACITOR DE TRABAJO 50+3 MDF. D.
320737730053,CAPACITOR DE TRABAJO REDONDO 2UF
32526980066,CAPACITOR DE TRABAJO REDONDO 3 UF
037103572899,CINTA ESPUMA 30 GB
037103572837,CINTA PVC IGNIRETARDANTE 15M GB
037103575784,CINTA PVC IGNIRETARDANTE 25M GB
7503026178836,CONTACTOR 2 POLOS 30A 220V
7503026178829,CONTACTOR 2 POLOS 30A. 24V.
7503026178850,CONTACTOR 2 POLOS 40-50A 24V
7503026178928,CONTACTOR 3P 30 A 220V
7503032237718,"CONTROL MINISPLIT UNIVERSAL 10,000 EN 1"
7503026195802,CONTROL TEMPERATURA A/C TIPO VENTANA
7503033971574,COPLE RAPIDO ANGULADO ROJO ALTA
7503033971352,CUBIERTA PARA MINISPLIT 105CM
7503033971369,CUBIERTA PARA MINISPLIT 120CM
7503033971345,CUBIERTA PARA MINISPLIT 85 CM
7503037201660,CUBIERTA TRANSPARENTE PARA MINI-SPLIT 130CM COLDTEK
7503037201677,CUBIERTA TRANSPARENTE PARA MINI-SPLIT 180CM COLDTEK
037103575692,ESPUMA POLIURETANO 300 ML T E
7503036024116,EXTREME WHITE SELLADOR FUGAS R600A
7503026196533,FILTRO DESHIDRATADOR 3/8 GRANDE COLDTEK
7503026414521,FILTRO DESHIDRATADOR SOLDABLE 2 COLILLAS 1/4
7506240652007,FUMIGADOR TRUPER 1 LT
7503026414583,GUARDA TERMOSTATO M BTG-RK
7503026414590,GUARDA TERMOSTATO MODELO BTG-K
7503044381713,KIT DE BASES ANTIVIBRACIONES PARA CONDENSADORAS
7503028596041,KIT DE INSTALACION ALUMINIO 1/4-1/2
183,KIT INSTALACION ALUMINIO 1/4-3/8
234,KIT INSTALACION MS 1/4-5/8 COBRE
291,KIT INSTALACION P/MS 1/4-5/8 ALUM
7503026178805,KIT RELAY CAPACITOR DE ARRANQUE SPP5
7503026178812,KIT RELAY CAPACITPOR DE ARRANQUE SPP6
681001429108,LIMPIADOR AZUL NUBRITE GAL
8033158076568,LIQUIDO LIMPIADOR DE LINEAS PSD 1 GAL
8033158076506,LIQUIDO LIMPIADOR DE LINEAS SGP 1 LT
8033158076520,LIQUIDO LIMPIADOR DE LINEAS SGP 1GAL.
7503026190357,MANOMETRO AZUL/BAJA R410/R22/R404
037103575814,"MANOMETRO CON MIRILLA R134/R404/R410/R507, C/MANGUERA 36 GB"
7503026190340,MANOMETRO ROJO/ALTA R410/R22/R404
7503026204870,MOTOR CONDENSADOR 1/2 110V 1625RPM REV
7503026204849,MOTOR CONDENSADOR 1/2 220V 1075 RPM
7503026204856,MOTOR CONDENSADOR 1/3 220V 1075 RPM
7503026204863,MOTOR CONDENSADOR 1/4HP 1.7AMP 5UF
7503026190371,MOTOR CONDENSADOR MINISPLIT ROT. DER. ROSCA IZQ 65W 220V
7503026190388,MOTOR CONDENSADOR MINISPLIT ROT. IZQ. RSC. D 65W 220Z
Y5S413C0105L,MOTOR EVAP. MINISPLIT Y5S413C0105L
PEINE001,PEINE PARA ENDEREZAR SERPENTINES
06259817495880,PROTECTOR DE VOLTAJE MINISPLIT 220V-20A 35000BTU
7503026196731,PROTECTOR TERMICO P/MS 1.5T.
7503026191040,PROTECTOR TERMICO P/MS 1T.
7503026196748,PROTECTOR TERMICO P/MS 2T.
7503026196823,RELAY 2 POLOS BOBINA 240V AC
7503026191569,RELAY PARA A/C 2 POLOS BOBINA 24VDC
7503026196847,RELAY PARA VENT. 6 TERM. 120V
7503026191576,RELAY PARA VENT. 6 TERM. BOBINA 24V
7503026196830,RELAY PARA VENT. 6TERM. 240V
7503026191583,RELAY POTEN. 35AMPS 480V BOBINA 332V AC
7503026196816,RETARDADOR DE TIEMPO 240V DE 3S. A 10M.
7503036024147,SELLADOR DE FUGAS P/ SISTEMAS DE REFRIGERACION MASA
8033158057932,"SELLADOR DE FUGAS ULTRA RAPIDO A/C, REFRI FIXQUICK"
7503026191767,SENSOR DE PLASTICO 5000OHMS
7503026191774,SENSOR DE PLASTICO PARA MS 10000OHMS
7503026191750,SENSOR DE POZO P/MS 10KOHMS
7503026414972,SENSOR METALICO PARA LG
7503026414989,SENSOR METALICO UNIVERSAL 10KO
7503026414996,SENSOR METALICO UNIVERSAL 5KO
684032006454,SOLDADURA DYNAFLOW HARRIS SUST 15%
7503028596393,SOPORTE DE ACERO PARA CONDENSADOR 200KG 2TON.
APCB-213DA,TARJETA UNIV. PARA MINISPLIT APPLI PARTS APCB-213DA
037103574893,TARJETA UNIVERSAL INVERTER A/C CONTROL REMOTO 220V 12000 BTU GB
037103574923,TARJETA UNIVERSAL INVERTER A/C CONTROL REMOTO 220V 24000 BTU GB
7503026196250,"TARJETA UNIVERSAL PARA MINISPLIT 2 SENSORES, DISPLAY Y CONTROL"
7503026192184,TARJETA UNIVERSAL PARA MINISPLIT COLDTEK
7503026196267,TARJETA UNIVERSAL PARA MINISPLIT CON DISPLAY COLDTEK
7501206656525,TERMICO 2X30 AMPS SQ
833732000532,TERMOSTATO DE PARED BRAEBURN 200CN PROGRAMABLE 2 A 5 DIAS
6620132281944,TERMOSTATO DE PARED ROBERTSHAW 1000NC NO PROGRAMABLE
6620132282170,TERMOSTATO PARA A/C ROBERTSHAW PROGRAMABLE
6620132288424,TERMOSTATO PARA A/C ROBERTSHAW PROGRAMABLE RS9110
7503026196878,TERMOSTATO PARA AIRE DE VENTANA 3 PINES 14-16.8
WG03F05627,TURBINA MINISPLIT MABE WG03F05627
037103576002,UNIMANIFOLD C/MIRILLA AZUL P/ 134/404/410 GB
7503026414835,VALVULA DE CARGA/SERVICIO 3/16
687472053910,VALVULA DE EXPANSION 7/8-1 1/8 R22
7503026414804,VALVULA DE SERV. 1/4
7503026414811,"VALVULA PINCHADORA 1 4, 5 16 Y 3 8"
7503033971680,"VALVULA PINCHADORA 1/2, 5/8"
026715254217,VENTILADOR EXTRACTOR BROAN
7503001312811,BOILER ELECTRICO RHEEM 8KW 220V
781159669484,CALENTADOR DE AGUA UA 6L GAS LP
1185,DIAFRAGMA BOILER DE PASO 12-13L UNIV.
1150,DIAFRAGMA BOILER DE PASO 5-6 LITROS
7506240658979,MANGUERA PARA BOILER 1/2 40CM
791279002436,PIG TAIL INVERTIDO DE COBRE 1/4 50CM
662013641108,"PILOTO TIPO T, 3 VIAS, 6CH24-6, 1830-490 ROBERTSHAW"
2216,REGULADOR DE GAS SENCILLO CON POOL R-3001-AS0
2215,REGULADOR DE GAS SENCILLO R-5000
20352477596,RESISTENCIA ELECTRICA PARA BOILER 110V RHEEM VARIAS MARCAS
020352479613,RESISTENCIA ELECTRICA PARA BOILER 240V/4500W VARIAS MARCAS
1951-01,TERMOPILA 1951-01 C/ CONECTOR COAXIAL ROBERTSHAW
20352381800,TERMOSTATO ELECTRICO P CALENTADOR DE AGUA 6 PIJAS 90 A 150F
020352484303,TERMOSTATO SUPERIOR ELECTRICO BOILER
662013630997,VALVULA MILIVOLT 24VAC 700-056 ROBERTSHAW
7503041587569,BOMBA SUMERGIBLE 25W
62540000203,COJIN DE FIBRA ASPEN 22X23
2210,FILTRO CAMPANA MABE-IEM COMPLETO 26X36CM
W10587906,MODULO 6 SALIDAS WH ORG W10587906
WS01L18698,PERILLA ESTUFA MABE 295D4284G003 / WS01L18698
W10277026,PERILLA ESTUFA WH W10277026
WS01L16508,PERILLA PARILLA MABE WS01L16508
W10777489,VALVULA ESTUFA WHIRLPOOL SHUT-OFF DE CIERRE ORG. W10777489
1589,VÁLVULA QUEMADOR ESTUFA JUMBO MABE 6.5 CM WS01F03721
7502218490114,AGENTE DE LIMPIEZA AQUION 800G
8033158102854,GAS LIMPIEZA BELNET 750ML
753153653905,GAS REFRIGERANTE 134 .340KG ERKA
793969075782,GAS REFRIGERANTE 134 340G CON SELLADOR DE FUGAS ERKA
D10130577,GAS REFRIGERANTE 134 BOYA 13.6KG
7502218490985,GAS REFRIGERANTE 32 3KG
7502218490404,GAS REFRIGERANTE 404A
7502218490862,GAS REFRIGERANTE 410A LATA
D15170904,GAS REFRIGERANTE R 22 MINA 13.62KG
7502218490732,GAS REFRIGERANTE R134 340GR.
7502218490046,GAS REFRIGERANTE R22 1KG GEN
686114000701,GAS REFRIGERANTE R22 AQUION 1KG
7503044381232,IMPULSOR GRIS DAEWOO 41 CM 11D DW-111/DWF-200
7503036024000,LIQUIDO DE LIMPIEZA BELNET AEROSOL
D10363114,REFRIGERANTE 410A 11.35 KG DUPONT
10000,BALERO NTN 6307 PARA LAVADORA FRONTAL
PRODUCTOEJEMPLO,PROD EJEMPLO
GLOBAL,VENTA PUBLICO GENERAL
731299181872,ACEITE TEXAS 150 HFC 8OZ
7503015058576,ACEITE TRANSMISION 140 ECO.
7501390500499,ACEITE TRANSMISION 140 ROSHFRANS
7501390500529,ACEITE TRANSMISION 90 ROSHFRANS
7503015058545,ACEITE TRANSMISION SAE 90 ECO.
W10006355,ACTUADOR NEGRO 7 PIN WH. ORG C/ ADAPTADOR
W11198451,ACTUADOR ROJO 7 TERM. WH. ORG W11198451
EAU64283201,ACTUADOR SELENOIDE LG. ORG. EAU64283201
W11091026,ACTUADOR TAPA WH ORG. W11091026
AGZ72909711,AGITADOR CROMADO LG KENMORE AGZ72909711
1456,AGITADOR DISCO LAV EASY MABE 18-19KG ORIGINAL 233D1974P001
W11550891,AGITADOR LAV. MAYTAG WHIRPOOL W11550891
W11564454,AGITADOR WH LAV. DIG. FLECHA CORTA W11564454 / W10531691
137513300,ANILLO DESLIZADOR TAMBOR WW 131963900
WP21002022,ANILLO FRICCION MAYTAG ORG
21002026E,ANILLO FRICCION MY GEN.
W10083200,ANILLO RETENSOR 1 1/8 WH CAND. BUJE BRON.
1290,"ARO TINA LAV, 10-11KG 189D1087P001"
739210357139,BALERO 6203 PFI
7503026414224,BALERO 6205 MABE OLIMPIA
7503026414255,BALERO LAV MB 6006
7503026414248,BALERO MAYTAG 6206
7503026414279,BALERO UNIDIRECCIONAL WW
134780500,BALERO UNIDIRECCIONAL WW ORG.
746041055844,BANDA LAV MAYTAG NEPTUNO FRONTAL 12001788
137051400,BANDA LAV. ELECTROLUX 137051400
1716,BANDA M-19.5 SAMSUNG GEN
883049499772,BANDA MAYTAG ORG W40111201 118CM
WH1X2026,BANDA MOTOR LAV GE O.
WP21352320,BANDA MOTOR WHMY O.
1742,BANDA MULT-V6 EJ300 VSIMTY 189D3909P002
W10006384,BANDA PLANA WH ORG 5 COSTILLAS W10006384
134511600,BANDA SIRVE LAV SEC ORIGINAL WW
883049597041,BASE CANASTA Y ENGRANE WH ORG. W10820039
LBFKEN642,BISAGRA PARA LAVADORA KENMORE WHIRLPOOL 8181642 | WP8181642
X0046QVH6L,BISAGRA PUERTA LAV. WH. FRONTAL WP8183202
137353302,BLOCAPUERTA CENTRO DE LAVADO ELECTROLUX 137353302
X003DV2SBN,BLOCAPUERTA ELECTROLUX 5304505231
W10547392,BLOCAPUERTA JAGUAR GRIS CON MICRO. WH OR. W10547392
6601EN1003D,BLOCAPUERTA LAV. LG 6601EN1003D
EBF61674802,BLOCAPUERTA LAV. LG EBF61674802 ORG.
DC64-00519D-E,BLOCAPUERTA LAV. SAMSUNG DC64-00519D GEN
W11413545,BLOCAPUERTA LAV. WH ORG W11413545
W10443885,BLOCAPUERTA LAV. WH. FRONTAL W10443885 ORG.
X003XBS1ZP,BLOCAPUERTA MABE/GE WH08X32657
X002GA1719,"BLOCAPUERTA MAYTAG BRAVOS XL W10787836,W10619844"
1577,BLOCAPUERTA SAMSUNG GEN DC64-01538B
W11307244,BLOCAPUERTA WH CABRIO ORG W11307244
W10153867,BLOCAPUERTA WH ORG. DIG. W10153867
WP8183270,BLOCAPUERTA WH. ORG. WP8183270
W10253483,BLOCAPUERTA WHO W10253483
W11176112,BLOCAPUERTA WHO W11176112
137353300,BLOCAPUERTA WW 137353300 ORG
131763256,BLOCAPUERTA WW ORG. 131763255
W10324651,BLOCK TINA C/SUJETADOR Y TCA KIT DIGITAL W10324651
3363394V,BOMBA DE AGUA ENS. WH AC. ORG.
7503033971215,BOMBA DE AGUA ENS. WHG
7503033971338,BOMBA P/AMANA
W10251309,BOTON INICIO WH DIG ORG. GRIS
131862900,BRAZO TENSOR BANDA LAV WW O.
7503033971253,BRAZO TENSOR WW GEN
883049555751,BUJES Y SELLOS MY ANTIGUA
W10647949,CANDADO SOPORTE TINA WH DIG. ORG.
131763302,CERRADURA DELANTERA WW ORG LAVADORA FRONTAL 131763302
131279001,CHAPA CONTRA WW ORG. LAV. FRONTAL 131279001
7506240621966,CHUPON UNIVERSAL
W10759993,CLUTCH ENS. WH KIT POLEA CHICA W10759993
W910010062,CLUTCH ENS. WH KIT W910010062
W910010088,COPLE MOTOR REFORZADO WH ORG
DC97-17004E,CRUCETA PARA LAVADORA SAMSUNG FRONTAL DC97-17004E
1057,ELECTROVALVULA 180° MABE KR ORG. SENCILLA
W10894041,ELECTROVALVULA 2 ENTR. 3 BOBINAS WH ORG. W10894041
K-65859,ELECTROVALVULA AMARILLA WH ORG.
W11179275,ELECTROVALVULA BCA. 1 ENTRADA 1 SAL. WH ORG. W11161682
WW01F01651,ELECTROVALVULA CUADRUPLE MABE KR ORG.
W11165546,ELECTROVALVULA CUADRUPLE WH W11165546
AJU75152601,ELECTROVALVULA LAV. LG 5 BOBINAS. AJU75152601 ORG.
W10683653,ELECTROVALVULA ROCIADOR RECTO WHO W10683653
W910010004,ELECTROVALVULA ROCIADOR WH ORG. AZUL ROJA RELOJ W910010004
1381,ELECTROVALVULA SAMSUNG 1 ENTRADA 3 SALIDAS AZUL AGUA FRIA DC62-00266G
7503033971406,ELECTROVALVULA SAMSUNG 2 ENTRADA 5 SALIDAS DC9715459G
W10435242,ELECTROVALVULA WH CUADRUPLE W10435242
W11177741,EMPAQUE INTERIOR LAVAVAJILLAS W11177741
W11221296,ENGRANE LECTOR DE GIRO TRANS. WH. W11221296
5304516871,FILTRO ATRAPAPELUSA WW ORG 5304516871
W10435302,FLECHA CUBIERTA WH CAB. OR.
FOLAMB004,FONDO CANASTA AMAZ. 189D3533P001
189D5393P001,FONDO CANASTA MABE AQUA SAVER 189D5393P001
2047,FONDO CANASTA SAMSUNG DC60-00101A
MDS63916504,FUELLE LAV LG FRONTAL MDS63916504
W10290499,FUELLE LAV. FRONTAL WH ORG. W10290499
W11106747,FUELLE LAV. FRONTAL WH. W11106747
W11314648,FUELLE LAV. FRONTAL WHIRPOOL W11314648
2025,FUELLE LAV.SAMSUNG DC97-18094B GEN
4986ER0004F,FUELLE PUERTA LAV. FRONTAL LG ORG. 4986ER0004F
WP3390719,FUSIBLE CORTO WHO WP3390719
1543,IMPULSOR AZUL SAMSUNG 40CM 11D DC-66-00694A
2203,IMPULSOR AZUL SAMSUNG 43CM DC66-00704A
1988,IMPULSOR DAEWOO 41CM 11 DIENTES DWF-M610
134509510,KIT BALERO Y SELLOS 134509510
W10734521,KIT EMBRAGUE WH DIGITAL W10734521
388253A,KIT NEUTRAL WHO
5304490556,KIT REPARACION TRANS. ELECTROLUX ORG 5304490556
131525500,KIT SELLO Y BALEROS CL ELECTROLUX 131525500
1373,LBS - ELECTROVALVULA SAMSUNG 2 BOBINAS DC6200311D
W910010082,LINING CLUTCH WH OR 285790
134592700,MANGUERA DESAGUE ELECTROLUX 134592700
W10096921,MANGUERA DESAGUE SOLA WH ORG. W10096921
W10358149,MANGUERA INTERNA DRENADO WH ORG. W10358149
WP8182634,MICROSWITCH WH. DUET WP8182634
1997,MOTOR BOMBA LAV LG 2 BOCAS TIPO BPX-2
W10465543,MOTOR BOMBA WH COMPLETA ORG
1915,MOTOR BOMBA WH FRONTAL COMPLETA BPX401-75
W10677715,MOTOR LAV. 1/4HP WH DIG. ORG. W10677715
W10623547,MOTOR LAVADORA WHIRPOOL ORIGINAL 1/4 HP ORG. W10623547
WG03F06676,"MOTOR VENTILADOR EVAP. GE 4 CABLES WR60X26033,WR60X10341,WR60X10356, WR60X10357...."
853244008628,MULTIMETRO DIGITAL MIRAGE
X003YRFGZV,NARIZ ACTUADOR ELECTROLUX 5304505088
358684V,NARIZ ACTUADOR WH
W10239968,NARIZ ACTUADOR WH DIG
883049283234,PASTILLA AFFRESH CAJA 5PZAS
883049066905,PASTILLA LIMP. SARRO AFRESH 3 PZS
W10001130,PATA NIVELADORA TORNILLO WHO
WP8538957,PERILLA DE CONTROL GRIS/PLATA ORG CHICA
W10743994,PERILLA LAV SEC WH ORG. DIG
883049626802,PERILLA TIMER WH ORG.
883049506296,PINTURA ALMENDRA WH ORG. 72107
50946141381,PINTURA BLANCA WH ORG. 18ML 72017
203,POLEA CON PIÑON MY
WH07X10016,POLEA LAV. GE CARGA FRONTAL GDE. WH07X10016
WW01F00357,POLEA MOTOR MB AMAZ. MAGN.
5303912533,POLEA TENSORA SOLA WW ORG.
131498301,POLEA TRANSMISION ELECTROLUX 131498301
WW01F00043,POLEA TRANSMISION MB AM ORG.
W10820043VP,POSTE ENSAMBLE WH COMP. OR.
134411600,PRESOSTATO 3 POSISIONES WW ORG AZUL 134411600
W10339251,PRESOSTATO 4 NIVELES WHO W10339251
2284,PRESOSTATO LAV. SAMSUNG DC96-01016A GEN.
W10268911,PRESOSTATO LAV. WH. 4 NIVELES VASTAGO ROJO W10268911
W11160690,PRESOSTATO LAV. WH. W11160690 ORG.
W10337781,PRESOTATO WH W10337781
W10380698,PROPELA AGITADOR OASIS W10380698
W10844636,RELOJ DESHIELO WH 8HRS ORG
1467,RELOJ MECANICO LAV 20 MIN MEDIA CAÑA 2 TERMINALES UNIVERSAL
40801,"RESISTENCIA BLINDADA REF. LG,SM,LG 52 CMS 60128-0023300-00"
5303161174,RESORTE CHICO WW ORG.
W11104317,RESORTE EMBRAGUE WHO W11104317
W10250667,RESORTE TRASERO WH ORG
607,RESPALDO PIÑON SIRVE MBOL
1747600000048,SEGURO DE PUERTA LAVAVAVILLAS WH. 1747600000048
1452,SELECTOR MBK 18-22KG 4 SELECTORES WW01F01794
DW1707,SELENOIDE ACTUADOR NEGRO SAMSUNG DAEWOO ORG. DW1707
883049510842,SELLO INF. LABIO WH ORG.
356427V,SELLO INFERIOR SP WH ORG. PLANO
5303161173,SELLO INFERIOR WW ORG. 53033161173
5308001742,SELLO POSTE EL WW ORG.
A4298,SELLO POSTE LAV. MAYTAG ORG A4298
W10219156,SELLO TINA JGO. MAYTAG MODERNO
2139,SELLO TINA LAV FRONTAL LG/SAMSUNG DC62-00156A
5308950197,SELLO TINA LAVADORA WW COMPLETO ORIGINAL
WW02F00547,SELLO TINA MBAM ORG.
2282,SELLO TINA MY ANTIGUO GEN. 6-2095720
6-2095720,SELLO TINA MY ANTIGUO ORG. 6-2095720
W10006371,SELLO TINA WH DIG ORG.
137547700,SELLO TINA WW ELEC ENTRADA CHICA ORG
5303279394,SELLO TINA WW ORG.
EBD48922821,SENSOR DE VIBRACION LG ORG. EBD48922821
1427,SENSOR HALL MOTOR SAMSUNG DC31-00076A-E
1996,SENSOR HALL MOTOR SAMSUNG DC31-00098A
DC97-21487D,SENSOR HALL SAMSUNG DC97-21487D ORG.
1123,SENSOR LAVASECADORA SAMSUNG DC93-00329A
WPW10178988,SENSOR MOTOR WH CABRIO W10178988
7503033971659,SOPORTE SUSP. KIT 3 GEN PADS
W910010096,SOPORTE SUSP. KIT 3 WHO
W10780051,SUSPENCION 59CM VERDE WH ORG. W10780051 W910020084
W10010044,SUSPENCION 60 CM WHO NEGRA
W910010083,SUSPENCION 65CM AMARILLA WH ORG.
WW01F00370,SUSPENCION LAV MB 370 AZUL
W10780046,SUSPENSION 60 CM. KIT 4 SET. W10780046 WH ORG
W10820048,SUSPENSION AZUL 67CM WH ORG. RESORTE LARGO KIT 4 W10820048
DW1715,SUSPENSION DAEWOO 61.5CM ORG. AZUL-BLANCO
WW01F00369,SUSPENSION LAV MABE 360 68CM VERDE
981,SUSPENSION LAV SAMSUNG/DAEWOO DC97-16350 64CM
W11130356,SUSPENSION WH ORG AZUL 71 CM W11130356/W10735787
W11084453,SUSPENSION WH ORG. ROSA 59 CM 4P W11084453
W910010086,SUSPENSION WH VERDE 59.5 W910010086
W11217817,SUSPENSION WHO 66CM W11217817
302421670010,SWITCH BLOCAPUERTA WW ORG. 302421670010
1785,SWITCH BLOQUEAPUERTA SAMSUNG DC34-00025B GEN
W11025892,SWITCH DE BALANCE WH OR W11025892
DW1704,SWITCH DE TAPA LAVADORA DAEWOO ORIGINAL C/PALANCA
X003XETJIZ,SWITCH PUERTA LAV SAMS DC34-00025D
X003CJBJC5,SWITCH PUERTA LAV. LG EBF61215202
EBF49827801,SWITCH PUERTA LG FRONTAL EBF49827801 ORG
W11195059,SWITCH SELECTOR WH ORG W11195059
134101800E,SWITCH TAPA LAV WW C/PALANCA GEN
W11302950,SWITCH TAPA WH ORG NEGRO NUEVO LARGO W11543567
X0048WZZ7Z,SWITCH. PUERTA LAVAPLATOS GE. WD21X10490
137193200,TAPA AGITADOR ELECTROLUX 137193200
W11377430,TARJETA BATMAN ACU W11385756/W11377430
W10781579,TARJETA CONTROL AUXILIAR LAV. WH. ORG. W10781579
W11201274,TARJETA CONTROL LAV. WHIRPOOL W11201274
233D2306G002,TARJETA CONTROL MABE CENTRO LAVADO MOD: MCL2040 233D2306G002
W10788354,TARJETA CONTROL PRINC. W10788354 WH ORG
W11179245,TARJETA CONTROL PRINC. W11179245 WH ORG.
W11518672,TARJETA CONTROL PRINC. W11518672 WH ORG
W11518673,TARJETA CONTROL PRINC. W11518673 WH ORG
W11518675,TARJETA CONTROL PRINC. W11518675 WH ORG
W11518677,TARJETA CONTROL PRINC. W11518677 WH ORG.
W11518678,TARJETA CONTROL PRINC. W11518678 WH ORG
W11518679,TARJETA CONTROL PRINC. W11518679 WH ORG
W11518680,TARJETA CONTROL PRINC. W11518680 WH ORG
W11518682,TARJETA CONTROL PRINC. W11518682
W11518688,TARJETA CONTROL PRINC. W11518688 WH ORG
W11518690,TARJETA CONTROL PRINC. W1151890 WH ORG
5304500453,TARJETA CTLR.ELEC. 137275305 5304500453
WW01F01800,TARJETA DE CONTROL MABE KRAKEN WW01F01800
7503028596379,TARJETA DE CONTROL UNIVERSAL LAVADORA
2031,TARJETA LAV. SAMSUNG FRONTAL DC92-02547C / DC92-02551C/ DC
2030,TARJETA LAV. SAMSUNG INVERTER ORG. DC92-00388
DC92-0149B,TARJETA LAV. SAMSUNG PERILLA DC92-0149B
XRWW85517,TARJETA SELECTOR WH O W1196162
W10572831,TIMER 4 TERM. ACROS W10572831
W10185786,TIMER LAV. WH. ORG. W10185786
WP3949208,TIMER PARA LAVADORA WH. ORG. W3949208
WP3951702,TIMER RELOJ LAV. WH ORG. 3951702
W10450389,TINA COMPLETA WH FRONTAL W10450389
2201,TORNILLO AGITADOR LAV. MAYTAG
7503026414163,TRANS. 11 D C/POLEA 173MM ACROS/WH GEN
TRLAWH004,TRANSMICION CLUTCH LAV. WH
W10762611,TRANSMISION CON SOPORTE COPACABANA ORG. W10762611
W10715767,TRANSMISION FLECHA CORTA WH CON SENSOR W10715767
W11454741,TRANSMISION FLECHA LARGA WH. ORG.
2045,TRANSMISION LAV. SAMSUNG IVERTER DC97-717900A
2038,TRANSMISION LAV. SAMSUNG ORG. DC97-16984B
1757,TRANSMISIÓN LAVADORA MABE AMAZONAS TIPO VSIMTY 188D2871G001
7503026414316,TRANSMISION LG TIPO REGINA 4265EA1006C
170,TRANSMISION MB KR 16-17KG PLATO DELGADO 233D2549G006
171,TRANSMISION MB KR 18-22 PLATO GRANDE 233D2549G001
7503026414323,TRANSMISION SAMSUNG GEN WG04F00381
7503028596591,TRANSMISION WH SIRVE INTERLAV ACROS 3966930
4265EY1003P,TRANSMSION LAV. LG 4265EY1003P POLEA PLANA
W10349492,TURBINA WHO WPW10349492
7503026177181,ASPA GRIS CCW 13.5D
034264487949,CUCHILLA DE 4 ASPAS OSTER TRADICIONAL
034264427327,CUCHILLA DE 6 ASPAS OSTER
34264487949,CUCHILLA PICAHIELO CON ANILLO DE GOMA
1828,DIAFRAGMA BONJOUR T-FAL
WP9704291,DIAFRAGMA CON EMPAQUE WH WP9704291
W10555711,VASO C/ DIAFRAGMA BASE REDONDA W10555711
2112,EMPAQUE SILICON NO.22 T-FAL/MAEFE
2113,EMPAQUE SILICON NO.24 T-FAL/MAGEFE
2114,EMPAQUE SILICON NO.26 T-FAL/MAGEFE
7501059979222,EMPAQUE Y VALVULA PRESTO CLASSIC
7501059975521,INDICADOR DE PRESION PRESTO
7501059995383,KIT EMPAQUE FUSIBLE EKCO PLUS
8033158044154,12 JERINGAS DETECTOR DE FUGASFLOURESCENTE 7.5ML
7503033971789,ACEITE MINERAL 32/3 1LT ERRECOM
7503033971819,ACEITE MINERAL 46 ERRECOM
8033158041122,ADITIVO PARA ACIDEZ EN SISTEMAS A/C COOL-SHOT ULTRA
200D3719P001,ANAQUEL REF. MABE 200D3719P001
037103570192,ARRANCADOR 3N1 DE 1/4- 1/3 HP GB
7503026177167,ASPA 4 HOJAS 110MM CCW BLANCA
7503026177174,ASPA 4 HOJAS 80MM CCW BLANCA
7503026177235,ASPA 4 HOJAS CCW NEGRO
7503026177150,ASPA 4 HOJAS CW BLANCA
7503026177242,ASPA 4 HOJAS CW BLANCO
241639502,ASPA 7 NEGRA ELEC ORG. 241639502
WR01F00099,ASPA PLAST. BUJE 1/8 4
1082,ASPA TURBINA SAMSUNG ORG. DA31-00242
7503026203019,BIMETAL 3 CABLES LG
7503026192535,BIMETAL 72-44 MB
W10225581,BIMETAL DESHIELO WHAC
5303918202,BIMETAL WW ORG.
7503026192504,BIMETAL Y FUSIBLE ELECTROLUX GEN
7503026203040,BIMETAL Y FUSIBLE REF. SM
7503053083370,BIMETAL Y FUSIBLE SM. DA47-00243
7503028596034,BOMBA DE VACIO 1 ETAPA 1/4HP 1.8CFM 5PA
037103575517,BOMBA DE VACIO 1/4 HP 1.8CFM 1 ETAPA GB
7503028596171,BOMBA DE VACIO 2 ETAPAS 110V 1/4 HP 1.8CFM 50L/MIN
WR01L13595,CAJON REF. VERDURAS MABE ORG. WR01L13595
2185,CAPACITOR DE ARRANQUE 100-125 UF. 110 V.
2186,CAPACITOR DE ARRANQUE 378-490 UF A 110 V.
1913,CELDA PELTIER REFRIGERACION TEC1-12706 12V 2A 60W
1275,CERRADOR AUTOMATICO PUERTA SAMSUNG ORG. DA97-13070A
NJ2212GK,"COMPRESOR 1 1/2, NJ2212GK 110V 60HZ R404"
105G5913,COMPRESOR DANFOSS 1/4 PESADO R134 105G5913
102G3432,COMPRESOR DANFOSS 1/6 R134
EMC3140U,COMPRESOR EMBRACO 1/2 INVERTER EMC3140U R290
513200759F16NLQ25,COMPRESOR EMBRACO 1/3 FFU100HAK
513200902FB8BJ2CX,COMPRESOR EMBRACO 1/4 FFU80HAX
NT6220GKV,COMPRESOR EMBRACO 3/4 115V R404 NT6220GKV
VEMX11C+,COMPRESOR EMBRACO INVERTER R600 VEMX11C+
N21Q33K687,COMPRESOR INVERTER LG ORG FMA102NBMA R600A
1C1X25621311-13K987,COMPRESOR LG INVERTER 220V 51HZ FLD165NBMA
FLE165NAMA,COMPRESOR LG INVERTER 220V 53HZ FLE165NAMA R600
1233,COMPRESOR LG ORG. INVERTER 240V 60-225HZ BMG110NHMV
NC1MV90ALP,COMPRESOR SAMSUNG INVERTER NC1MV90ALP 160-260V 500-200HZ
2299,COMPRESOR SAMSUNG INVERTER NI34T9101AB R600
105G5914,COMPRESOR SIKELAN 1/3 PESADO GQR11TD
XXXX,COMPRESOR USADO DIF CAP
1863,CONDENSADOR 1/4 - 1/5
ACG76304502,CONDENSADOR REF. LG ACG76304502
W10530058,CONTROL AMBIENTAL L60T WH
W10594330,CONTROL DAMPER TEMP. WH ORG. W10594330
2183,CONTROL DE TEMPERATURA W2809 12 VOLTS.
W10567140,CONTROL TEMPERATURA REF WHO W10567140
DA31-00043F,DAMPER REF. SAMSUNG DA31-00043F
242303001,DAMPER REGULADOR DE AIRE ELECT. 242303001
@2722741@,DETECTOR DE FUGAS HALOGENO
WR01F01914,ELECTROVALVULA DOBLE 110V MABE 197D2638P006
1784,ELECTROVALVULA REF. SAMSUNG DA62-01477A
2089,ELECTROVALVULA REF. WH. K-75985
666201322060,ELECTROVALVULA WH ORG. REF. K-75717-AM
ADX52752663,EMPAQUE DE PUERTA REF. LG ORG. ADX52752663
216522370,EMPAQUE PUERTA REF. ELECTROLUX 216522370 ORG
2036,EVAPORADOR MODERNO SAMSUNG DA96-01230A
7503053083219,EVAPORADOR SAMSUNG/LG 35X19X5
048231783705,FILTRO AGUA LG LT700 ORG
7503026414613,FILTRO AGUA REF SM DA29-00020B CT
152,FILTRO AGUA SM DA29-00020B
883049160474,FILTRO DE AGUA 4378411RB
W10295370,FILTRO DE AGUA CORTO AZUL WH W10295370
WR01A01876,FILTRO DE AGUA GE CORTOMWF
048231787963,FILTRO DE AGUA LG ORG LT1000P/PC/PCS
XWFE,FILTRO DE AGUA MABE ORG. XWFE
UKF8001AXX-E,FILTRO DE AGUA MAYTAG-AMANA UKF8001AXX
7503026203521,FILTRO DE AGUA MAYTAG-AMANA UKF8001AXX GEN
7503026203637,FILTRO DE AGUA REF WH GEN W10790820 / 4396510 N.5
W10790820,FILTRO DE AGUA REF WH ORG W10790820 / 4396510 N.5
7503026195147,FILTRO DE AGUA REF. ELEC. EWF01
883049280189,FILTRO DE AGUA REF. EVERYDROP F2WC9I1
012505468094,FILTRO DE AGUA REF. FRIGIDAIRE FPPWFU01 PWF-1
2165,FILTRO DE AGUA REF. MABE-GE LARGO RPWF-W
7503026203477,"FILTRO DE AGUA REF. SIRVE LG LT700P, SIRVE KENMORE 46-9690"
883049383712,FILTRO DE AGUA REF. WH. 4396841 / 4396710 NO. 3 ORG.
883049383729,FILTRO DE AGUA REF.WH. ORG. NO.4 W10790818
8808993705788,FILTRO DE AGUA SAMSUNG ORG. DA29-00020B
687152201778,FILTRO DE AGUA SUPCO WP283
883049210278,FILTRO DE AIRE WH ORG W10349302
681344602527,FILTRO DES. PIEDRA 1 1/8 EM
7503026196458,FILTRO DESHIDRATADOR 3/8 COLDTECK
7503033971147,FILTRO REF LARGO 10 UNIV. COLDTEK
7503033971154,FILTRO REF LARGO 6 UNIV. COLDTEK
48231786195,FILTRO REF. LG LT800 ORG
W10809516,FOCO REF. WH ORG
RA0036,FOCO REFRIGERADOR DAEWOO 6 LEDS
684032000780,FRASCO FUNDENTE 1/4 LB
W11466252,FUSIBLE DOBLE REF. WHIRPOOL W11466252 ORG.
7503026195246,FUSIBLE REF. UNIVERSAL
AEQ32178402,ICEMAKER LG AEQ32178402
1079,ICEMAKER MODERNO SAMSUNG 30122-0049300
2098,ICEMAKER SAMSUNG BRAZO CORTO ORG. DA97-19010A
X0045C4SSZ,ICEMAKER SAMSUNG DA97-08059A
DA97-13415B-00,ICEMAKER SAMSUNG ORG. DA97 13415B
2048,ICEMAKER SAMSUNG ORG. DA97-21995A
W10873791,ICEMAKER WH W10873791
2197,JARRA REF. SAMSUNG DA97-17395A
7503026414866,JUEGO DE MANGUERAS P/MANOMETRO 36
2256,JUEGO DE MANOMETRO CON MANGUERAS R410-R134 Y BLISTER
687152023790,KIT DE ARRANQUE 3 EN 1
W11350838,KIT RELAY REF. WH. ORG. W11350838
8033158076803,LIQUIDO DISOLVENTE DE HIELO PARA REFRIGERADORES ERRECOM
2034,LUZ LED LARGO SAMSUNG DA96-01119A
037103572264,"MANOMETRO CON MIRILLA R22/R134/R404, C/MANGUERA 60 GB"
2013,MANOMETRO DIGITAL C/VACUMETRO PREMIUM GB C/MALETIN DG-350
037103573063,MANOMETRO DIGITAL MANOMETROS INDEPENDIENTES GB C/MALETIN DG-05
7503026190265,MANOMETRO SIN MIRILLA P/R410/R22/R404 COLDTEK 36
LG AEQ72910414,MAQUINA DE HIELO LG ORG. LG AEQ72910414
681344654069,MIRILLA INDICADORA DE HUMEDAD SOLD. 3/8
1 30PL30,MODULO DE ENCENDIDO EMERSON
1 D188,MOTOR 1/20 FASCO 1500RPM 220V
7503026190821,MOTOR BALERO 9W 110 V 1550 RPM COLDTEK
7503037201882,MOTOR BALERO 9W 220 V 1550 RPM COLDTEK
1084,MOTOR CONDENSADOR GRIS SAMSUNG ORG. DA97-15765
SAMREF01,MOTOR CONDENSADOR SAMSUNG ORG. NEGRP Z19W12MS
W10236142,MOTOR CONDENSADOR WH ORG. BLANCO 115V W10236142
W10124096E,MOTOR CONDENSADOR WH ORG. W10124096
7503044381683,MOTOR ELECTRICO PARA REF. 110-240V ECM7112
7503026203699,MOTOR ESQUELETO EVAPORADOR FLECHA CORTA LG ELECTX.
7503026203705,MOTOR ESQUELETO EVAPORADOR FLECHA LARGA LG ELECTX.
1331,MOTOR EVAP SAMSUNG 12 12V 3.21W DA31-00146E 2520 RPM
809069201,MOTOR EVAP. ELEC. ORG. 809069201
2269,MOTOR EVAP. GRIS 2 CABLS ADL-5846 110V
197D2038P025,MOTOR EVAP. MABE ORG 115V 197D2038P025
SAMREF02,MOTOR EVAP. SAMS ARES2130RA
2090,MOTOR EVAP. SAMSUNG 13A 2.1W 12V DA31-00146H 2950RPM
241509402,MOTOR EVAP. WW 12 V
750154598464,MOTOR HEXAG. 3150 RPM W10189703
W10271507,MOTOR ICEMAKER WH W10271507
1107,MOTOR LG ORG. AZUL 12V 1A ODM-001F-42
1108,MOTOR LG ORG. NARANJA ODM-001F-43
2294,MOTOR REF. SAMSUNG N.12 DA31-00146E 2620 RPM
2295,MOTOR REF. SAMSUNG N.13 DA31-00146H 2900 RPM GEN.
7503026190487,MOTOR TIPO FASCO 1550RPM 115/230V 1/12 ROTACION REVERSIBLE
2010,MOTOR TIPO WELLINGTON 110-240V 15W CCW
EAU65089706,MOTOR TURBINA REF. LG 4 CABLES EAU65089706
WR60X10358,MOTOR VENT. CONDENSADOR REF. GENERAL ELECTRIC WR60X10358
WR60X26866E,"MOTOR VENTILADOR EVAP. GE 4 CABLES GEN WR60X26033, WR60X26866"
PUC38,NIPLE CONECTOR RAPIDO 3/8
PUC8MM,NIPLE CONECTOR RAPIDO 8 MM
WP2188656,PAR CAJONES REF WH WP2188656
7503033971710,PROTECTOR ROJO SIN CAPACITOR
7503026191064,PROTECTOR TERMICO TIPO KLIXON 1/2HP
7503026191071,PROTECTOR TERMICO TIPO KLIXON 1/3HP
7503026191088,PROTECTOR TERMICO TIPO KLIXON 1/4HP
7503026191095,PROTECTOR TERMICO TIPO KLIXON 1/5HP
7503026191101,PROTECTOR TERMICO TIPO KLIXON 1/6HP
7503026191118,PROTECTOR TERMICO TIPO KLIXON 1/8HP
105G5951,R134COMPRESOR DANFOSS 1/2 PESADO 1
7503026191248,RELAY IPO DANFOS 1/6HP
7503026191552,RELAY NEGRO UNIVERSAL C. 1/12 A 1/12
7503026191255,RELAY TIPO DANFOS 1/8 HP
7503026191262,RELAY TIPO DANFOSS 1/2 HP
7503026191217,RELAY TIPO DANFOSS 1/3 HP
7503026191224,RELAY TIPO DANFOSS 1/4 HP
7503026191231,RELAY TIPO DANFOSS 1/5HP
7503026191279,RELAY TIPO EMBRACO 1/3HP
7503026191286,RELAY TIPO EMBRACO 1/4HP
7503026191293,RELAY TIPO EMBRACO 1/5 HP
7503026191309,RELAY TIPO EMBRACO 1/6HP
7503026191316,RELAY TIPO EMBRACO 1/8HP
GS0003,RELOJ DE DESHIELO LG 6H OR
10079046005406,RELOJ DE DESHIELO P/ CAMARA FRIGORIFICA 110V D81-8144-00EX
10079046005505,RELOJ DE DESHIELO P/ CAMARA FRIGORIFICA D81-8145-20EX 220 V
7503026195567,RELOJ DE DESHIELO REF MB10HR GEN.
W10844633,RELOJ DE DESHIELO WH 8.21H ORG
7503028596423,RELOJ DESHIELO WH 10 HRS. GEN
2150,RESISTENCIA BLINDADA 31 CM. TIPO L 60128-0013800
2151,RESISTENCIA BLINDADA 38 CM. TIPO L 60128-0013900-01
2152,RESISTENCIA BLINDADA 41 CM. TIPO L 60128-0011302-01
2153,RESISTENCIA BLINDADA 45 CM. TIPO L 60128-0017600-00
1132,RESISTENCIA BLINDADA SAMSUNG ORG DA47-00244P
840993006401,RESISTENCIA CRISTAL REF MBGE 9 C/BASE Y PASTILLA
1781,RESISTENCIA GANCHO LARGA DA47-000460G
1098,RESISTENCIA ICEMAKER SAMSUNG DA-47-00192E
W11115796,RESISTENCIA REF WH W11115796
X002HC9REZ,"RESISTENCIA SIRVE GE, EDGEWATER DE1121C/WE1121C"
1761,RESISTENCIA TUBULAR REF 10-1/2 X 18-1/12 PULG W10647284 WH ORG
W10345817,RESISTENCIA TUBULAR WH 15-1/2 X 3-1/2 ORG. W10345817
WP2210895,RESISTENCIA TUBULAR WH 16 PULG TIPO C ORG. 2210895
7503026414767,ROLLO CAPILAR .49
7503026191927,ROLLO CAPILAR.36
7503036024109,SELLADOR DE FUGAS EXTREME ROSA 6ML
8033158041153,SELLADOR DE FUGAS P/AC 6ML
8033158080121,SELLADOR DE FUGAS PARA SISTEMAS AA/R 30ML EXTREME
7503026195734,SENSOR AMBIENTAL SAMSUNG AZUL
7503026414576,SENSOR AMBIENTAL SM AMARILLO
7503026195741,SENSOR CONGELADOR SS AMR.
5304524828,SENSOR DESHIELO REF. ELECTROLUX 5304524828
684032108769,SOLDADURA DE ALUMINIO Y COBRE HARRIS ZN98
1055,SOLDADURA EN FRIO LA-CO
W10440786,SUSPENSION WH. 71CM ROSA W10440786 ORG
7503026191842,SWITCH 1/2 LUNA NORM. ABIERTO
7503026191835,SWITCH MEDIA LUNA 3 PIN
W11396033,SWITCH P/FOCO REF. WH. ORG. W11396033
1487,SWITCH PUERTA REF. LG HC-056K
1484,SWITCH PUERTA REF. SAMSUNG SP201R-7D
7503026196861,SWITCH REF. 1 BOTON 2 TERM. NC
6600JB2005C,SWITCH REF. LG ORG. 5 PINES 6600JB2005C
162D6801G046,TANQUE ALMACENADOR DE AGUA REF MABE-GE ORG. 162D6801G046
7321420671223,TAPETE DESCONGELADOR 2 PZS. 73X37
CSP30020818,TARJETA CONTRO PRINC. LG ORG. INVERTER CSP30020818
242011001,TARJETA CONTROL DESHIELO WW ORG. 242011001
WR01F00288,TARJETA CONTROL PRINCIPAL MBGE WR01F00288 / 225D4208G003
WR01F00242,"TARJETA CONTROL REF. MABE ORG. 225D3466G009,008 WR01F00242"
W10675033,TARJETA CONTROL REF. WH KITCHENAID W10675033
W11436572,TARJETA CONTROL REF. WH ORG. W11436572
W10503278,TARJETA CONTROL WH W10503278
W11410542,TARJETA CTRL. REF. MONARCA W11410542
CT225D4205G0071514,TARJETA DE CONTROL PRINC. MBGE 225D4205G003
DA92'0044A,TARJETA DESHIELO SM O. 9H
5304531506,TARJETA INVERSORA ELECTROLUX ORG. 5304531506
1179,TARJETA INVERTER REF. SAMSUNG DA92-00768J
1299,TARJETA INVERTER SAMSUNG ORG DA41-00411B
2080,TARJETA PODER SAMSUNG ORG. DA92-00795B
7503028596249,TARJETA REF LG SIRVE DOS MODELOS 6871JB11115
DA41-00388H,TARJETA REF. DA-4100388 SAMSUNG
6871JK1005,TARJETA REF. LG 5 FOCOS 6871JK1005
EBR30299302,TARJETA REF. LG ORG. EBR30299302
WR55X21623,TARJETA REF. MABE WR55X21623 ORG
W10257565,TERMISTOR SENSOR REF WH ORG. W10257565
037103570574,TERMOMETRO DECORATIVO CON IMAN GB
037103570543,TERMOMETRO DIGITAL SOLAR GB
819,TERMOSTATO CALENTADOR DE AGUA 86° 110V
7503026414941,TERMOSTATO DIGITAL COLDTEK -50-70C
686608004413,TERMOSTATO RANCO ELECTRONICO CALEFACCION
1410,TERMOSTATO REF MABE 8-10 PIES ORG.
W10424991,TERMOSTATO REF. WHIRPOOL W10424991 ORG.
1104,TERMOSTATO SAMSUNG VERDE PFN-C71
2198202E,TERMOSTATO WH 2198202 GEN.
95247077397,TRANSFORMADOR I:240V O:24V
W10384183,TRANSISTOR SENSOR DE TEMPERATURA WH ORG. W10384183
W11575003,VALVULA 3 VIAS WH ORG. W11575003
W11590197,VALVULA 3 VIAS WH ORG. W11590197
1969,VALVULA CHECK RIGIDA ANGULADA 45°
1505,VALVULA PARA CARGAR GAS PINCHABLE 1/4-5/16
7503028596454,VENTILADOR 110V 2700RPM CUADRADO
7503026192399,VENTILADOR 12 V.
EAU62025701,VENTILADOR COND. LG. 3 CABLES EAU62025701
234D2071G001,ARO FRICCION SEC EASY KRAKEN ORG. 234D2071G001
WE12M29,BANDA MABE GE
134503600,BANDA SEC 4H WW ORG. 110CM 134503600
308D1415P003,BANDA SEC MABE 123CM 308D1415P003
W11162091,"BANDA SEC, WH. 124CM W11162091"
W10136934,BANDA SEC. 5H. WHO 120CM W10136934
883049548081,BANDA SEC. WH ORG. 120 CM
137292700,BANDA SEC. WW ORG 134503900 113CM
5303281154,BANDA SEC. WW. 5303281154 ORG.
WPY312959,BANDA WH 127CM ORG WPY312959
W10131172,BANDA WH ORG. 5 PISTAS 118CM W10131172
279834V,BOBINAS DE GAS SEC. WH O.
037103572561,BOQUILLA CON AUTOENCENDIDO Y MANGUERA TURNER
1226,CODO CAMPANA 3/8-3/8
2298,COMPRESOR MABE 1/5 SU96XY1 115-127V R600
078477695302,CONTACTO 220V PARA SECADORA 4P4W 50A
078477905739,CONTACTO PARA SECADORA 220V 3P 3W 3 TERM RECTO
078477905753,CONTACTO PARA SECADORA 220V 3P3W NEUTRO EN L
078477695319,CONTACTO PARA SECADORA 4 P 30AMP NEUTRO ESCUADRA COD:278
5303937139P,DESLIZADOR Y FELPA FONTAL SUPERIOR TAMBOR ORG
710631908568,DUCTO C/COMPUERTA 4
5303207411,ESPREA P/GAS LP WW ORG SIRVE LG
DC97-07618A,FELPA SEC. SAMSUNG DC97-07618A
W11035878,FELPA SEC. WH FRONTAL W11035878
W10717210,FILTRO ATRAPA PELUZA WH ORG. W10717210
DC61-02595A,FILTRO ATRAPAPELUSA SAMSUNG DC61-02595A
W10859086,FILTRO SECADORA MAYTAG W10859086
WP31001556VP,IGNITOR BASE CHICA WHO
WPW10549553,JALADERA BLANCA PUERTA SEC. WH. W10549553
W10861225,JALADERA PUERTA SEC WH BLANCA W10861225
W11581316-S,JUEGO DE ESPREAS SEC. WH. COMPLETA GAS LP W11581316-S
W910010009,JUEGO DE ESPREAS WH OR.
WE25X218,KIT ESPREA NATURAL SEC. GE/MABE WE25X218
50946009865,"KIT REPARACION SEC. WH ORG. 4392065,349241"
AGM30045804,"KIT SECADORA LG, TERMISTOR, TERMOSTATO AGM30045804"
131644700,MANIJA SEC. FRIGIDAIRE 131644700
DC31-00055H,MOTOR SEC. SAMSUNG DC31-00055H
76818380009,PEGAMENTO PÁRA FELPAS SEC.
W10743997,PERILLA CONTROL SEC. WH. ORG MEDIANA W10743997
W11611672,"PERILLA SELECTOR SEC, WH, W11611672"
W11291948,PERILLA TIMER SEC. WH. CROMO W11291948
1101,POLEA CON BRAZO SAMSUNG ORG. DC66-00903A
1912,POLEA TENSORA AMANA SEC. 38225-REPL WP40045001
WP691366,POLEA TENSORA COMPLETA WH ORG. 691366
W10837240,POLEA TENSORA COMPLETA WHO
131863007,POLEA TENSORA SEC WW ELECT.
5303212849,POLEA TENSORA SEC. COMPLETA WW.5303212849
7503026414422,POLEA TENSORA SOLA LG 4560EL3001A
1163,POLEA TENSORA WH ANCHA TIPO 6-3700340
X00243STSH,"RESISTENCIA SEC WH, ORG 3387747"
5300622032,RESISTENCIA SEC WW ELEC. 5300622032
2160,RESISTENCIA SEC. SAMSUNG DC47-00019A
WP4391960,RESISTENCIA SEC. WHO 4391960
134792700,RESISTENCIA SEC. WW 134792700
349241T,RODILLO TAMBOR PAR WHO 349241
2037,SOPORTE PUERTA SEC. SAMSUNG DC97-18057A
131447500,SWITCH ARRANQUE S/CLIP ROT. SEC. WW 2 TERM. 131447500
WE4M416,SWITCH ENCENDIDO MABE ORG WE4M416
W10169313,SWITCH PUERTA WH OR.
883049433936,SWITCH TAPA WH ORG 3977456
WP3398095,SWITCH WH 3398095
W11027185,TARJETA CTRL SEC. WH. ORG W11027185
1976,TERMICO SEC. WH GEN L155-25F 4TERM. 3387134 SECADORA ELECTRICA
3387134,TERMICO SEC. WHO L155-25F 4 TERM. 3387134
5304406099,TERMICO SECADORA WW L240-50F ORG.
X002V2NXLJ,"TERMISTOR DE TEMPERATURA LG ROJO 6323EL2001B, 6323EL2001H"
134711300,TERMISTOR SEC ELEC.134711300
WP31001590,TERMISTOR WH WP31001590
137032600,TERMOSTATO ALTO LIMITE WW ORG. 137032600
134048900,TERMOSTATO ELE ORG. 134048900 L135-15F
W910010090,TERMOSTATO KIT WHO W910010090
134711401,TERMOSTATO LIMITADOR TERMICO WW ORG. 134711401
137539200,TERMOSTATO SEC. ELECTROLUX 137539200 314F
5308015399,TERMOSTATO SEC. WW. 5308015399
338906V,TERMOSTATO SENSOR FLAMA I WH MAY O.
1632,TIMER SECADORA WH W10185969 / 701-1-AM1631
1631,TIMER SECADORA WH W10185992 / 602-1-AM
WPW10185992,TIMER SECADORA WH WPW10185992
WP694089,TURBINA MOTOR SEC. WHO WP694089
131476309,TURBINA MOTOR WW ORG. 131476300
WP53'0106,TURBINA MYO
131775600,TURBINA Y CUBIERTA SEC. ELECTROLUX 131775600
LOT400,VALVULA SEC MABE EASY-GE ORIGINAL GAS LP(BUTANO)
AGM30063309,VALVULA SEC. LG ORG. 5221EL2002A
189D7089P003,VALVULA SEC. MABE EASY GAS LP ORG. 189D7089P003
189D7089P016,VALVULA SEC. MABE ORG. BOBINA DUAL 189D7089P016
189D7089P001,VALVULA SEC. MABE ORIGINAL 2 BOBINAS NUEVA
212D1460P001,VALVULA SEC. MABE ORIGINAL 3 BOBINAS COMPLETA
LOT401,VALVULA SECADORA MABE ORIGINAL GAS LP
BN,BARRIDO NITROGENO PARA LIMPIEZA
BC11,BOMBA PARA COOLER DE 11000FT MAXCOOL 230V
CH14,CHUMACERA DE 1 1/4
CJPC,COJINES DE PAJA PARA COOLER DE 55X10
SC11,EVAPORADOR PARA REFRIGERADOR TIPO VITRINA DE COBRE
1734,EXTRACTOR VENTILADOR PARA BAÑO MARCA BROAN 4.0 CFM (PI3/MIN) INCLUYE INSTALACION
JDES,JUEGO DE EMPAQUES DE SUCCION Y DESCARGA
JGF,JUEGO DE FLOTADOR DE LLENADO DE SANITARIOS
123321312,MIGITORIO MOJAVE SECO BLANCO
LAVIS,PERILLA DE CONTROL DE TEMPERATURA PARA REFRIGERADOR MABE
LAVU,RESISTENCIA ELECTRICA 220V PARA SECADORA MARCA SAMSUNG
WR03F04507,TARJETA DE CONTROL PARA REFRIGERADOR MABE SIRUS 500
XAXA,VENTE
7908250204717,CONTROLADOR TEMP. VITRINA EMICOL 23542010000
2354401000007,CONTROLADOR TEMP. VITRINA EMICOL 23544010000
2243,TERMOSTATO DIGITAL VITRINA TREF-G01